Id,Name,Date,Time
8,[],15:48:38,15:48:38
9,[],15:48:38,15:48:38
49,[],15:48:39,15:48:39
56,[],15:48:39,15:48:39
51,[],15:48:41,15:48:41
139,[],15:48:41,15:48:41
50,[],15:48:43,15:48:43
7,[],15:48:45,15:48:45
6,[],15:48:45,15:48:45
36,[],15:48:45,15:48:45
68,[],15:48:53,15:48:53
47,[],15:48:54,15:48:54
43,[],15:48:54,15:48:54
82,[],15:48:55,15:48:55
73,[],15:48:55,15:48:55
76,[],15:48:55,15:48:55
172,[],15:48:56,15:48:56
85,[],15:48:59,15:48:59
39,[],15:48:59,15:48:59
34,[],15:49:00,15:49:00
4,[],15:49:00,15:49:00
69,[],15:49:01,15:49:01
67,[],15:49:04,15:49:04
46,[],15:49:04,15:49:04
75,[],15:49:04,15:49:04
42,[],15:49:04,15:49:04
2,[],15:49:05,15:49:05
11,[],15:49:08,15:49:08
44,[],15:49:09,15:49:09
72,[],15:49:10,15:49:10
77,[],15:49:12,15:49:12
200,[],15:49:23,15:49:23
15,[],15:49:34,15:49:34
16,[],15:49:35,15:49:35
48,[],15:49:36,15:49:36
162,[],15:49:42,15:49:42
